Name;URL;Author;Price;Number of Ratings;Average Ratings
One Arranged Murder;https://www.amazon.in/One-Arranged-Murder-Chetan-Bhagat/dp/1542094135?_encoding=UTF8&psc=1;Chetan Bhagat;₹ 141.00;1,058;4.2 out of 5 stars
Think Like a Monk;https://www.amazon.in/Think-Like-Monk-Jay-Shetty/dp/0008386595?_encoding=UTF8&psc=1;Jay Shetty;₹ 388.00;3,538;4.8 out of 5 stars
Ikigai: The Japanese secret to a long and happy life;https://www.amazon.in/Ikigai-H%C3%A9ctor-Garc%C3%ADa/dp/178633089X?_encoding=UTF8&psc=1;Héctor García;₹ 362.00;4,595;4.6 out of 5 stars
My First Library: Boxset of 10 Board Books for Kids;https://www.amazon.in/My-First-Library-Boxset-Board/dp/9387779262?_encoding=UTF8&psc=1;Not Available;₹ 499.00;6,993;4.5 out of 5 stars
The Alchemist;https://www.amazon.in/Alchemist-Paulo-Coelho/dp/8172234988?_encoding=UTF8&psc=1;Paulo Coelho;₹ 199.00;27,748;4.6 out of 5 stars
World’s Greatest Books For Personal Growth & Wealth (Set of 4 Books): Perfect Motivational Gift Set;https://www.amazon.in/Worlds-Greatest-Personal-Growth-Wealth/dp/9389432014?_encoding=UTF8&psc=1;Not Available;₹ 329.00;1,051;4.5 out of 5 stars
Harry Potter and the Chamber of Secrets;https://www.amazon.in/Harry-Potter-Chamber-Secrets-Rowling/dp/1408845652?_encoding=UTF8&psc=1;J.K. Rowling;₹ 1,154.00;12,510;4.7 out of 5 stars
A Brief History of Modern India (2019-2020 Edition) by  Spectrum Books;https://www.amazon.in/Brief-History-Modern-2019-2020-Spectrum/dp/8179307212?_encoding=UTF8&psc=1;Not Available;₹ 225.00;2,344;4.5 out of 5 stars
Attitude Is Everything: Change Your Attitude ... Change Your Life!;https://www.amazon.in/Attitude-Everything-Change-Your-Life/dp/9351772071?_encoding=UTF8&psc=1;Jeff Keller;₹ 119.00;4,352;4.5 out of 5 stars
Oxford Student Atlas for India - Third Edition;https://www.amazon.in/Oxford-Student-Atlas-India-Third/dp/0190123281?_encoding=UTF8&psc=1;Not Available;₹ 219.00;1,566;4.6 out of 5 stars
The Tower of Nero (The Trials of Apollo Book 5);https://www.amazon.in/Tower-Nero-Trials-Apollo-Book/dp/0141364084?_encoding=UTF8&psc=1;Rick Riordan;₹ 534.00;792;4.9 out of 5 stars
Word Power Made Easy;https://www.amazon.in/Word-Power-Made-Norman-Lewis/dp/8183071007?_encoding=UTF8&psc=1;Norman Lewis;₹ 141.00;13,657;4.4 out of 5 stars
Quantitative Aptitude for Competitive Examinations;https://www.amazon.in/Quantitative-Aptitude-Competitive-Examinations-Aggarwal/dp/9352534026?_encoding=UTF8&psc=1;R S Aggarwal;₹ 530.00;6,244;4.4 out of 5 stars
Great Stories for Children;https://www.amazon.in/Great-Stories-Children-Ruskin-Bond/dp/8129118920?_encoding=UTF8&psc=1;Ruskin Bond;₹ 123.00;1,863;4.5 out of 5 stars
Grandma's Bag of Stories;https://www.amazon.in/Grandmas-Bag-Stories-Sudha-Murty/dp/0143333623?_encoding=UTF8&psc=1;Not Available;₹ 235.00;2,237;4.6 out of 5 stars
The Power of your Subconscious Mind;https://www.amazon.in/Power-your-Subconscious-Mind/dp/8192910962?_encoding=UTF8&psc=1;Joseph Murphy;₹ 90.00;19,659;4.5 out of 5 stars
CHEAT SHEET - SCIENCE & SOCIAL SCIENCE CLASS 10 BY BHAI KI PADHAI;https://www.amazon.in/CHEAT-SHEET-SCIENCE-SOCIAL-PADHAI/dp/B08KW9WBS1?_encoding=UTF8&psc=1;Not Available;₹ 969.00;20;4.8 out of 5 stars
Indian Polity - For Civil Services and Other State Examinations | 6th Edition;https://www.amazon.in/Indian-Polity-Civil-Services-Examinations/dp/B07Y3CJJCR?_encoding=UTF8&psc=1;M. Laxmikanth;₹ 660.00;3,470;4.6 out of 5 stars
Very First Sight Words Sentences Level - 1;https://www.amazon.in/First-Sight-Words-Sentences-Level/dp/9387971996?_encoding=UTF8&psc=1;Not Available;₹ 112.00;768;4.6 out of 5 stars
Think and Grow Rich;https://www.amazon.in/Think-Grow-Rich-Napoleon-Hill/dp/8192910911?_encoding=UTF8&psc=1;Napoleon Hill;₹ 149.00;25,164;4.5 out of 5 stars
25 Years UPSC IAS/ IPS Prelims Topic-wise Solved Papers 1 & 2 (1995-2019);https://www.amazon.in/Prelims-Topic-wise-Solved-Papers-1995-2019/dp/9389187389?_encoding=UTF8&psc=1;Disha Experts;₹ 289.00;2,405;4.4 out of 5 stars
Picture Books Collection for Early Learning (Set of 12);https://www.amazon.in/Picture-Books-Collection-Early-Learning/dp/B01M0QGF0P?_encoding=UTF8&psc=1;Not Available;₹ 237.00;2,681;4.2 out of 5 stars
101 Panchatantra Stories;https://www.amazon.in/101-Panchatantra-Stories-Dreamland-Publications/dp/938797149X?_encoding=UTF8&psc=1;Dreamland Publications;₹ 119.00;1,861;4.3 out of 5 stars
Rich Dad Poor Dad : What The Rich Teach Their Kids About Money That the Poor and Middle Class Do Not!;https://www.amazon.in/Rich-Dad-Poor-Middle-Updates/dp/1612680194?_encoding=UTF8&psc=1;Robert T. Kiyosaki;₹ 310.00;26,019;4.5 out of 5 stars
The Intelligent Investor (English) Paperback – 2013;https://www.amazon.in/Intelligent-Investor-English-Paperback-2013/dp/0062312685?_encoding=UTF8&psc=1;Benjamin Graham;₹ 454.00;10,111;4.4 out of 5 stars
Wings of Fire: An Autobiography of Abdul Kalam;https://www.amazon.in/Wings-Fire-Autobiography-Abdul-Kalam/dp/8173711461?_encoding=UTF8&psc=1;Not Available;₹ 182.00;4,539;4.6 out of 5 stars
The Blue Umbrella;https://www.amazon.in/Blue-Umbrella-Ruskin-Bond/dp/8171673406?_encoding=UTF8&psc=1;Ruskin Bond;₹ 76.00;2,112;4.5 out of 5 stars
General Knowledge;https://www.amazon.in/General-Knowledge-Dr-Binay-Karna/dp/9384761540?_encoding=UTF8&psc=1;Not Available;₹ 176.00;6,692;4.4 out of 5 stars
The Monk Who Sold His Ferrari;https://www.amazon.in/Monk-Who-Sold-His-Ferrari/dp/817992162X?_encoding=UTF8&psc=1;Robin Sharma;₹ 156.00;8,168;4.6 out of 5 stars
Atomic Habits: The life-changing million copy bestseller;https://www.amazon.in/Atomic-Habits-James-Clear/dp/1847941834?_encoding=UTF8&psc=1;James Clear;₹ 549.00;6,086;4.6 out of 5 stars
The Psychology of Money;https://www.amazon.in/Psychology-Money-Morgan-Housel/dp/9390166268?_encoding=UTF8&psc=1;Morgan Housel;₹ 326.00;790;4.7 out of 5 stars
Writing Practice Boxset: Pack of 4 Books (Writing Fun: Write And Practice Capital Letters, Small Letters, Patterns and Numbers 1 to 10);https://www.amazon.in/Writing-Fun-Set-Books-Practice/dp/9387779777?_encoding=UTF8&psc=1;Not Available;₹ 199.00;810;4.4 out of 5 stars
Indian Economy for Civil Services, Universities and Other Examinations | 12th Revised Edition;https://www.amazon.in/Economy-Services-Universities-Examinations-Revised/dp/B08BJ4KL27?_encoding=UTF8&psc=1;Ramesh Singh;₹ 386.00;222;4.2 out of 5 stars
Amazon Brand - Solimo Board Books for Kids (Set of 10);https://www.amazon.in/Amazon-Brand-Solimo-Board-Books/dp/B07BF3T95C?_encoding=UTF8&psc=1&smid=AT95IG9ONZD7S;Not Available;₹ 409.00;1,664;4.5 out of 5 stars
The Complete Novels of Sherlock Holmes;https://www.amazon.in/Complete-Novels-Sherlock-Holmes/dp/8175994312?_encoding=UTF8&psc=1;Arthur Conan Doyle;₹ 139.00;4,849;4.5 out of 5 stars
General Knowledge 2021;https://www.amazon.in/General-Knowledge-2021-Manohar-Pandey/dp/9324195395?_encoding=UTF8&psc=1;Manohar Pandey;₹ 30.00;865;4.2 out of 5 stars
Indian Art and Culture for Civil Services and other Competitive Examinations;https://www.amazon.in/Indian-Culture-Services-Competitive-Examinations/dp/9353168198?_encoding=UTF8&psc=1;Nitin Singhania;₹ 477.00;940;4.6 out of 5 stars
505 Activities for Kids;https://www.amazon.in/505-Activities-Kids-Dreamland-Publications/dp/935089968X?_encoding=UTF8&psc=1;Not Available;₹ 175.00;1,453;4.5 out of 5 stars
The Theory of Everything;https://www.amazon.in/Theory-Everything-Stephen-Hawking/dp/8179925919?_encoding=UTF8&psc=1;Stephen Hawking;₹ 144.00;2,874;4.6 out of 5 stars
My First Book of Patterns Pencil Control: Patterns Practice book for kids (Pattern Writing);https://www.amazon.in/First-Book-Patterns-Pencil-Control/dp/9387779319?_encoding=UTF8&psc=1;Not Available;₹ 139.00;2,119;4.5 out of 5 stars
The 5 AM Club: Own Your Morning, Elevate Your Life;https://www.amazon.in/AM-Club-Your-Morning-Elevate/dp/9387944891?_encoding=UTF8&psc=1;Robin Sharma;₹ 214.00;5,859;4.4 out of 5 stars
The Official Cambridge Guide To Ielts Student's Book With Answers With Dvd Rom;https://www.amazon.in/Official-Cambridge-Guide-Students-Answers/dp/110744277X?_encoding=UTF8&psc=1;Not Available;₹ 449.00;1,378;4.3 out of 5 stars
The Girl in Room 105;https://www.amazon.in/Girl-Room-105-Chetan-Bhagat/dp/1542040469?_encoding=UTF8&psc=1;Chetan Bhagat;₹ 180.00;6,980;4.3 out of 5 stars
My Activity- ABC Colouring Book;https://www.amazon.in/My-Activity-ABC-Colouring-Book/dp/9350898853?_encoding=UTF8&psc=1;Not Available;₹ 80.00;349;4.5 out of 5 stars
Lines and Curves (Pattern Writing) - Part 1;https://www.amazon.in/Lines-Curves-Pattern-Writing-Part/dp/1730152287?_encoding=UTF8&psc=1;Not Available;₹ 76.00;1,138;4.4 out of 5 stars
A Modern Approach to Verbal & Non-Verbal Reasoning (2 Colour Edition);https://www.amazon.in/Modern-Approach-Verbal-Non-Verbal-Reasoning/dp/9352832167?_encoding=UTF8&psc=1;R.S. Aggarwal;₹ 608.00;2,613;4.4 out of 5 stars
"Certificate Physical And Human Geography; Indian Edition";https://www.amazon.in/Certificate-Physics-Human-Geography-Indian/dp/0195628160?_encoding=UTF8&psc=1;Not Available;₹ 246.00;3,408;4.5 out of 5 stars
How to Win Friends and Influence People;https://www.amazon.in/How-Win-Friends-Influence-People/dp/8192910997?_encoding=UTF8&psc=1;Dale Carnegie;₹ 175.00;23,842;4.5 out of 5 stars
1001 Activities Book;https://www.amazon.in/1001-Activities-Book-Dreamland-Publications/dp/9350897245?_encoding=UTF8&psc=1&smid=AT95IG9ONZD7S;Not Available;₹ 260.00;1,939;4.5 out of 5 stars
Harry Potter and the Philosopher's Stone;https://www.amazon.in/Harry-Potter-Philosophers-Stone-Rowling/dp/1408855658?_encoding=UTF8&psc=1;J.K. Rowling;₹ 285.00;13,960;4.7 out of 5 stars
Environment By Shankar (7th) Revised Edition (2019-2020 Session);https://www.amazon.in/Environment-SHANKAR-6th-Revised-2018/dp/B07KF7H5JS?_encoding=UTF8&psc=1;Shankar;₹ 376.00;2,706;4.3 out of 5 stars
Wren & Martin High School English Grammar and Composition Book (Regular Edition);https://www.amazon.in/School-English-Grammar-Composition-Regular/dp/9352530144?_encoding=UTF8&psc=1;Rao N;₹ 279.00;2,306;4.4 out of 5 stars
My First Learning Library Box Set: 20 Board Books Gift Set for Kids (Horizontal Design);https://www.amazon.in/First-Learning-Library-Box-Set/dp/9388369882?_encoding=UTF8&psc=1;Not Available;₹ 899.00;1,704;4.5 out of 5 stars
You Only Live Once: Author Signed Limited Edition;https://www.amazon.in/You-Only-Live-Once-Limited/dp/B084VJ84ZJ?_encoding=UTF8&psc=1;Stuti Changle;₹ 150.00;243;4.6 out of 5 stars
Lexicon for Ethics, Integrity & Aptitude for IAS General Studies - 6th Paper Edition 2020;https://www.amazon.in/Lexicon-Integrity-Aptitude-General-Studies/dp/8194204828?_encoding=UTF8&psc=1;Not Available;₹ 384.00;366;4.4 out of 5 stars
"Death; An Inside Story: A book for all those who shall die";https://www.amazon.in/Death-Inside-Story-those-shall/dp/0143450832?_encoding=UTF8&psc=1;Sadhguru;₹ 263.00;2,133;4.7 out of 5 stars
Colour with Crayons Part - 1;https://www.amazon.in/Colour-Crayons-Part-Dreamland-Publications/dp/1730175066?_encoding=UTF8&psc=1;Not Available;₹ 56.00;1,171;4.1 out of 5 stars
Bhagavad Gita: Yatharoop (Hindi);https://www.amazon.in/Bhagavad-Gita-Bhaktivendanta-Swami-Prabhupada/dp/938598618X?_encoding=UTF8&psc=1;Not Available;₹ 175.00;3,510;4.8 out of 5 stars
Life is What You Make It;https://www.amazon.in/Life-What-Make-Preeti-Shenoy/dp/9380349300?_encoding=UTF8&psc=1;Preeti Shenoy;₹ 97.00;5,474;4.1 out of 5 stars
Refreshing Mandala - Colouring Book for Adults Book 1;https://www.amazon.in/Refreshing-Mandala-Colouring-Book-Adults/dp/9350897601?_encoding=UTF8&psc=1;Not Available;₹ 175.00;1,394;4.6 out of 5 stars
7 Years UPSC IAS/ IPS Mains General Studies Papers 1 - 4 Year-wise Solved (2013 - 2019);https://www.amazon.in/Years-Mains-General-Studies-Papers/dp/9387045838?_encoding=UTF8&psc=1;Disha Experts;₹ 161.00;541;4.3 out of 5 stars
Objective General English;https://www.amazon.in/Objective-General-English-S-P-Bakshi/dp/9351768449?_encoding=UTF8&psc=1;S.P. Bakshi;₹ 187.00;4,486;4.2 out of 5 stars
World Map;https://www.amazon.in/World-Map-Dreamland-Publications/dp/8184511213?_encoding=UTF8&psc=1;Not Available;₹ 86.00;3,346;4.4 out of 5 stars
The Subtle Art of Not Giving a F*ck;https://www.amazon.in/Subtle-Art-Not-Giving/dp/0062641549?_encoding=UTF8&psc=1;Mark Manson;₹ 298.00;23,392;4.4 out of 5 stars
The Gopi Diaries: Coming Home;https://www.amazon.in/Gopi-Diaries-Coming-Home/dp/9353575885?_encoding=UTF8&psc=1;Not Available;₹ 176.00;278;4.6 out of 5 stars
Rich Dad Poor Dad - 20th Anniversary Edition (Hindi);https://www.amazon.in/Rich-Dad-Poor-Robert-Kiyosaki/dp/8186775218?_encoding=UTF8&psc=1;Robert T. Kiyosaki;₹ 179.00;2,986;4.6 out of 5 stars
The Science of Mind Management;https://www.amazon.in/Science-Mind-Management-Swami-Mukundananda/dp/9389648440?_encoding=UTF8&psc=1;Swami Mukundananda;₹ 280.00;129;4.8 out of 5 stars
My First 1000 Words: Early Learning Picture Book to learn Alphabet, Numbers, Shapes and Colours, Transport, Birds and Animals, Professions, Opposite ... Parts of the body and Objects Around Us.;https://www.amazon.in/First-1000-Words-Transport-Professions/dp/9388144112?_encoding=UTF8&psc=1;Not Available;₹ 189.00;829;4.5 out of 5 stars
Challenges to Internal Security of India (Third Edition);https://www.amazon.in/Challenges-Internal-Security-India-Third/dp/9353167175?_encoding=UTF8&psc=1;Ashok Kumar;₹ 253.00;731;4.6 out of 5 stars
Ruskin Bond - Best Selling Children Story Books Collection (Set of 4 Books);https://www.amazon.in/Ruskin-Bond-Selling-Children-Collection/dp/8131964817?_encoding=UTF8&psc=1;Not Available;₹ 419.00;166;4.4 out of 5 stars
Cracking the Coding Interview (Indian Edition);https://www.amazon.in/Cracking-the-Coding-Interview/dp/0984782869?_encoding=UTF8&psc=1;Not Available;₹ 446.00;307;4.4 out of 5 stars
Bhagvad gita as it is english new edition;https://www.amazon.in/Bhagvad-gita-as-english-new/dp/9384564192?_encoding=UTF8&psc=1;Not Available;₹ 259.00;2,530;4.7 out of 5 stars
The Immortals of Meluha (Shiva Trilogy): 1;https://www.amazon.in/Immortals-Meluha-Shiva-Trilogy/dp/9380658745?_encoding=UTF8&psc=1;Not Available;₹ 208.00;5,767;4.6 out of 5 stars
Who Will Cry When You Die?;https://www.amazon.in/Who-Will-Cry-When-You/dp/8179922324?_encoding=UTF8&psc=1;Robin Sharma;₹ 142.00;5,651;4.5 out of 5 stars
Brain Games for Clever Kids: Puzzles to Exercise Your Mind (Buster Brain Games);https://www.amazon.in/Brain-Games-Clever-Kids-Buster/dp/1780552491?_encoding=UTF8&psc=1;Not Available;₹ 224.00;2,111;4.3 out of 5 stars
Be Your Own Sunshine;https://www.amazon.in/Your-Own-Sunshine-James-Allen/dp/9387022854?_encoding=UTF8&psc=1;James Allen;₹ 96.00;72;4.1 out of 5 stars
One Indian Girl;https://www.amazon.in/One-Indian-Girl-Chetan-Bhagat/dp/8129142147?_encoding=UTF8&psc=1;Chetan Bhagat;₹ 78.00;8,089;3.9 out of 5 stars
Bharat Ki Rajvyavastha - Civil Seva Evam Anya Rajya Parikshao Hetu | 6th Edition (Hindi);https://www.amazon.in/Bharat-Ki-Rajvyavastha-Civil-Parikshao/dp/9389538483?_encoding=UTF8&psc=1;M. Laxmikanth;₹ 489.00;1,111;4.5 out of 5 stars
A Man Called Ove: The life-affirming bestseller that will brighten your day;https://www.amazon.in/Man-Called-Ove-life-affirming-bestseller/dp/1444775812?_encoding=UTF8&psc=1;Fredrik Backman;₹ 299.00;17,560;4.7 out of 5 stars
Life's Amazing Secrets: How to Find Balance and Purpose in Your Life;https://www.amazon.in/Lifes-Amazing-Secrets-Balance-Purpose/dp/0143442295?_encoding=UTF8&psc=1;Gaur Gopal Das;₹ 230.00;4,545;4.6 out of 5 stars
Mahatma Gandhi Autobiography: The Story Of My Experiments With Truth;https://www.amazon.in/Mahatma-Gandhi-Autobiography-Story-Experiments/dp/8172343116?_encoding=UTF8&psc=1;Not Available;₹ 139.00;1,424;4.5 out of 5 stars
Objective NCERT at your FINGERTIPS for NEET-AIIMS - Biology;https://www.amazon.in/Objective-NCERT-your-FINGERTIPS-NEET-AIIMS/dp/9389971241?_encoding=UTF8&psc=1;Not Available;₹ 584.00;51;4.5 out of 5 stars
101 Animals Stories;https://www.amazon.in/101-Animals-Stories-Dreamland-Publications/dp/9387971449?_encoding=UTF8&psc=1;Dreamland Publications;₹ 119.00;632;4.3 out of 5 stars
Legend of Suheldev: The King Who Saved India;https://www.amazon.in/Suheldev-Battle-Bahraich-Amish-Tripathi/dp/9387894037?_encoding=UTF8&psc=1;Not Available;₹ 287.00;1,467;4.3 out of 5 stars
Peppa Pig: Little Library;https://www.amazon.in/Peppa-Pig-Little-Library-Ladybird/dp/1409303187?_encoding=UTF8&psc=1;Not Available;₹ 194.00;7,199;4.2 out of 5 stars
SSB Interview: The Complete Guide;https://www.amazon.in/SSB-Interview-Dr-N-K-Natarajan/dp/8184955693?_encoding=UTF8&psc=1;Not Available;₹ 173.00;1,113;4.3 out of 5 stars
And Then There Were None;https://www.amazon.in/Then-There-Were-None/dp/0008123209?_encoding=UTF8&psc=1;Agatha Christie;₹ 164.00;7,329;4.6 out of 5 stars
Creative Doodle Colouring - Patterns;https://www.amazon.in/Creative-Doodle-Colouring-Dreamland-Publications/dp/9350897946?_encoding=UTF8&psc=1&smid=AT95IG9ONZD7S;Not Available;₹ 130.00;501;4.5 out of 5 stars
Why I am an Atheist and Other Works;https://www.amazon.in/Atheist-Other-Works-Bhagat-Singh/dp/9387022811?_encoding=UTF8&psc=1;Bhagat Singh;₹ 96.00;390;4.5 out of 5 stars
Harry Potter Box Set: The Complete Collection (Children’s Paperback) (Set of 7 Volumes);https://www.amazon.in/Harry-Potter-ChildrenS-Paperback-Boxed/dp/1408856778?_encoding=UTF8&psc=1;J.K. Rowling;₹ 2,550.00;9,654;4.6 out of 5 stars
Children's Encyclopedia - Scientists, Inventions And Discoveries: The World of Knowledge;https://www.amazon.in/Childrens-Encyclopedia-Scientists-Discoveries-Familiarises/dp/9350570394?_encoding=UTF8&psc=1;Not Available;₹ 166.00;534;4.2 out of 5 stars
International Mathematics Olympiad Work Book -Class 2;https://www.amazon.in/International-Mathematics-Olympiad-Work-Class/dp/938959054X?_encoding=UTF8&psc=1;Not Available;₹ 80.00;491;4.5 out of 5 stars
All In One - Writing Book (Practice);https://www.amazon.in/All-one-writing-Maple-Press/dp/9350337657?_encoding=UTF8&psc=1;Maple Press;₹ 108.00;299;4.5 out of 5 stars
Concept of Physics Part-1 (2019-2020 Session) by H.C Verma;https://www.amazon.in/Concept-Physics-Part-1-2018-2019-Session/dp/8177091875?_encoding=UTF8&psc=1;H.C. Verma;₹ 370.00;3,352;4.6 out of 5 stars
Apke Avchetan Man Ki Shakti (The Power of your Subconscious Mind in Hindi);https://www.amazon.in/Avchetan-Shakti-Power-Subconscious-Hindi/dp/8175993669?_encoding=UTF8&psc=1;Joseph Murphy;₹ 149.00;2,439;4.5 out of 5 stars
Indian Polity for Civil Services and Other State Examinations | 6th Edition in Paperback;https://www.amazon.in/Indian-Polity-Services-Examinations-Paperback/dp/B088NKYQGW?_encoding=UTF8&psc=1;M. Laxmikanth;₹ 427.00;3,470;4.6 out of 5 stars
Wuthering Heights;https://www.amazon.in/Wuthering-Heights-Emily-Bront%C3%AB/dp/8172344899?_encoding=UTF8&psc=1;Emily Brontë;₹ 139.00;10,166;4.4 out of 5 stars
Tharoorosaurus;https://www.amazon.in/Tharoorosaurus-Shashi-Tharoor/dp/0670092606?_encoding=UTF8&psc=1;Shashi Tharoor;₹ 345.00;65;4.6 out of 5 stars
365 Colouring Book;https://www.amazon.in/365-Colouring-Book-Dreamland-Publications/dp/9350895668?_encoding=UTF8&psc=1;Not Available;₹ 210.00;698;4.5 out of 5 stars
101 Bedtime Stories;https://www.amazon.in/101-Bedtime-Stories-Dreamland-Publications/dp/9387971457?_encoding=UTF8&psc=1;Dreamland Publications;₹ 119.00;529;3.9 out of 5 stars
